ticker,title,description,content,publishedAt,clean_text
STRYKER CORPORATION,Head to Head Contrast: Optex Systems (NASDAQ:OPXS) vs. Odysight.Ai (NASDAQ:ODYS),"Odysight.Ai (NASDAQ:ODYS – Get Free Report) and Optex Systems (NASDAQ:OPXS – Get Free Report) are both small-cap business services companies, but which is the better investment? We will compare the two businesses based on the strength of their dividends, valu…","Odysight.Ai (NASDAQ:ODYS – Get Free Report) and Optex Systems (NASDAQ:OPXS – Get Free Report) are both small-cap business services companies, but which is the better investment? We will compare the t… [+5075 chars]",2025-05-15 05:52:51+00:00,head to head contrast optex systems nasdaqopxs vs odysightai nasdaqodys odysightai nasdaqodys  get free report and optex systems nasdaqopxs  get free report are both smallcap business services companies but which is the better investment we will compare the two businesses based on the strength of their dividends valu
STRYKER CORPORATION,Western Digital (NASDAQ:WDC) Shares Acquired Rep. Jefferson Shreve,"Representative Jefferson Shreve (R-Indiana) recently bought shares of Western Digital Co. (NASDAQ:WDC). In a filing disclosed on May 08th, the Representative disclosed that they had bought between $15,001 and $50,000 in Western Digital stock on April 17th. Th…","Representative Jefferson Shreve (R-Indiana) recently bought shares of Western Digital Co. (NASDAQ:WDC). In a filing disclosed on May 08th, the Representative disclosed that they had bought between $1… [+7563 chars]",2025-05-11 06:05:09+00:00,western digital nasdaqwdc shares acquired rep jefferson shreve representative jefferson shreve rindiana recently bought shares of western digital co nasdaqwdc in a filing disclosed on may 08th the representative disclosed that they had bought between 15001 and 50000 in western digital stock on april 17th th
STRYKER CORPORATION,Optex Systems (NASDAQ:OPXS) & Odysight.Ai (NASDAQ:ODYS) Financial Analysis,"Odysight.Ai (NASDAQ:ODYS – Get Free Report) and Optex Systems (NASDAQ:OPXS – Get Free Report) are both small-cap business services companies, but which is the superior stock? We will compare the two businesses based on the strength of their institutional owne…","Odysight.Ai (NASDAQ:ODYS – Get Free Report) and Optex Systems (NASDAQ:OPXS – Get Free Report) are both small-cap business services companies, but which is the superior stock? We will compare the two … [+5041 chars]",2025-05-10 05:14:51+00:00,optex systems nasdaqopxs  odysightai nasdaqodys financial analysis odysightai nasdaqodys  get free report and optex systems nasdaqopxs  get free report are both smallcap business services companies but which is the superior stock we will compare the two businesses based on the strength of their institutional owne
STRYKER CORPORATION,Stryker (NYSE:SYK) Given “Market Perform” Rating at JMP Securities,"Stryker (NYSE:SYK – Get Free Report)‘s stock had its “market perform” rating reissued by equities researchers at JMP Securities in a report issued on Monday,Benzinga reports. SYK has been the subject of several other research reports. Evercore ISI dropped the…","Stryker (NYSE:SYK – Get Free Report)‘s stock had its “market perform” rating reissued by equities researchers at JMP Securities in a report issued on Monday,Benzinga reports.
SYK has been the subjec… [+4921 chars]",2025-05-07 07:13:03+00:00,stryker nysesyk given market perform rating at jmp securities stryker nysesyk  get free reports stock had its market perform rating reissued by equities researchers at jmp securities in a report issued on mondaybenzinga reports syk has been the subject of several other research reports evercore isi dropped the
STRYKER CORPORATION,Truist Financial Increases Stryker (NYSE:SYK) Price Target to $400.00,"Stryker (NYSE:SYK – Free Report) had its price objective hoisted by Truist Financial from $390.00 to $400.00 in a report issued on Monday,Benzinga reports. Truist Financial currently has a hold rating on the medical technology company’s stock. Several other b…","Stryker (NYSE:SYK – Free Report) had its price objective hoisted by Truist Financial from $390.00 to $400.00 in a report issued on Monday,Benzinga reports. Truist Financial currently has a hold ratin… [+4957 chars]",2025-05-06 07:46:52+00:00,truist financial increases stryker nysesyk price target to 40000 stryker nysesyk  free report had its price objective hoisted by truist financial from 39000 to 40000 in a report issued on mondaybenzinga reports truist financial currently has a hold rating on the medical technology companys stock several other b
STRYKER CORPORATION,Brokerages Set Stryker Co. (NYSE:SYK) Price Target at $426.53,"Shares of Stryker Co. (NYSE:SYK – Get Free Report) have been given an average recommendation of “Moderate Buy” by the nineteen research firms that are covering the stock, Marketbeat Ratings reports. Four equities research analysts have rated the stock with a …","Shares of Stryker Co. (NYSE:SYK – Get Free Report) have been given an average recommendation of “Moderate Buy” by the nineteen research firms that are covering the stock, Marketbeat Ratings reports. … [+5038 chars]",2025-05-06 06:18:58+00:00,brokerages set stryker co nysesyk price target at 42653 shares of stryker co nysesyk  get free report have been given an average recommendation of moderate buy by the nineteen research firms that are covering the stock marketbeat ratings reports four equities research analysts have rated the stock with a 
STRYKER CORPORATION,Equities Analysts Issue Forecasts for Stryker Q2 Earnings,"Stryker Co. (NYSE:SYK – Free Report) – Analysts at Roth Capital lowered their Q2 2025 earnings estimates for shares of Stryker in a report released on Thursday, May 1st. Roth Capital analyst J. Wittes now forecasts that the medical technology company will pos…","Stryker Co. (NYSE:SYK – Free Report) – Analysts at Roth Capital lowered their Q2 2025 earnings estimates for shares of Stryker in a report released on Thursday, May 1st. Roth Capital analyst J. Witte… [+5304 chars]",2025-05-06 05:38:45+00:00,equities analysts issue forecasts for stryker q2 earnings stryker co nysesyk  free report  analysts at roth capital lowered their q2 2025 earnings estimates for shares of stryker in a report released on thursday may 1st roth capital analyst j wittes now forecasts that the medical technology company will pos
STRYKER CORPORATION,Evercore ISI Issues Pessimistic Forecast for Stryker (NYSE:SYK) Stock Price,"Stryker (NYSE:SYK – Free Report) had its price objective cut by Evercore ISI from $400.00 to $390.00 in a research report sent to investors on Friday morning,Benzinga reports. They currently have an outperform rating on the medical technology company’s stock.…","Stryker (NYSE:SYK – Free Report) had its price objective cut by Evercore ISI from $400.00 to $390.00 in a research report sent to investors on Friday morning,Benzinga reports. They currently have an … [+5445 chars]",2025-05-05 07:38:50+00:00,evercore isi issues pessimistic forecast for stryker nysesyk stock price stryker nysesyk  free report had its price objective cut by evercore isi from 40000 to 39000 in a research report sent to investors on friday morningbenzinga reports they currently have an outperform rating on the medical technology companys stock
STRYKER CORPORATION,Roth Mkm Issues Positive Forecast for Stryker (NYSE:SYK) Stock Price,"Stryker (NYSE:SYK – Get Free Report) had its price objective upped by equities researchers at Roth Mkm from $405.00 to $456.00 in a research report issued on Friday,Benzinga reports. The firm presently has a “buy” rating on the medical technology company’s st…","Stryker (NYSE:SYK – Get Free Report) had its price objective upped by equities researchers at Roth Mkm from $405.00 to $456.00 in a research report issued on Friday,Benzinga reports. The firm present… [+5336 chars]",2025-05-04 07:21:02+00:00,roth mkm issues positive forecast for stryker nysesyk stock price stryker nysesyk  get free report had its price objective upped by equities researchers at roth mkm from 40500 to 45600 in a research report issued on fridaybenzinga reports the firm presently has a buy rating on the medical technology companys st
STRYKER CORPORATION,Medical Stocks To Watch Now – May 2nd,"Eli Lilly and Company, UnitedHealth Group, Hims & Hers Health, Becton, Dickinson and Company, and Stryker are the five Medical stocks to watch today, according to MarketBeat’s stock screener tool. Medical stocks are shares of publicly traded companies involve…","Eli Lilly and Company, UnitedHealth Group, Hims &amp; Hers Health, Becton, Dickinson and Company, and Stryker are the five Medical stocks to watch today, according to MarketBeat’s stock screener tool… [+6112 chars]",2025-05-04 06:06:58+00:00,medical stocks to watch now  may 2nd eli lilly and company unitedhealth group hims  hers health becton dickinson and company and stryker are the five medical stocks to watch today according to marketbeats stock screener tool medical stocks are shares of publicly traded companies involve
STRYKER CORPORATION,Cytosorbents (NASDAQ:CTSO) vs. Microbot Medical (NASDAQ:MBOT) Financial Survey,"Cytosorbents (NASDAQ:CTSO – Get Free Report) and Microbot Medical (NASDAQ:MBOT – Get Free Report) are both small-cap medical companies, but which is the superior investment? We will contrast the two businesses based on the strength of their earnings, profitab…","Cytosorbents (NASDAQ:CTSO – Get Free Report) and Microbot Medical (NASDAQ:MBOT – Get Free Report) are both small-cap medical companies, but which is the superior investment? We will contrast the two … [+6179 chars]",2025-05-03 06:17:07+00:00,cytosorbents nasdaqctso vs microbot medical nasdaqmbot financial survey cytosorbents nasdaqctso  get free report and microbot medical nasdaqmbot  get free report are both smallcap medical companies but which is the superior investment we will contrast the two businesses based on the strength of their earnings profitab
STRYKER CORPORATION,Reviewing Microbot Medical (NASDAQ:MBOT) & Motus GI (NASDAQ:MOTS),"Microbot Medical (NASDAQ:MBOT – Get Free Report) and Motus GI (NASDAQ:MOTS – Get Free Report) are both small-cap medical companies, but which is the superior investment? We will compare the two businesses based on the strength of their risk, valuation, analys…","Microbot Medical (NASDAQ:MBOT – Get Free Report) and Motus GI (NASDAQ:MOTS – Get Free Report) are both small-cap medical companies, but which is the superior investment? We will compare the two busin… [+4545 chars]",2025-05-01 06:54:54+00:00,reviewing microbot medical nasdaqmbot  motus gi nasdaqmots microbot medical nasdaqmbot  get free report and motus gi nasdaqmots  get free report are both smallcap medical companies but which is the superior investment we will compare the two businesses based on the strength of their risk valuation analys
STRYKER CORPORATION,Stryker (SYK) Projected to Post Earnings on Thursday,"Stryker (NYSE:SYK – Get Free Report) is expected to issue its Q1 2025 quarterly earnings data after the market closes on Thursday, May 1st. Analysts expect the company to announce earnings of $2.76 per share and revenue of $5.68 billion for the quarter. Stryk…","Stryker (NYSE:SYK – Get Free Report) is expected to issue its Q1 2025 quarterly earnings data after the market closes on Thursday, May 1st. Analysts expect the company to announce earnings of $2.76 p… [+4821 chars]",2025-04-29 06:38:47+00:00,stryker syk projected to post earnings on thursday stryker nysesyk  get free report is expected to issue its q1 2025 quarterly earnings data after the market closes on thursday may 1st analysts expect the company to announce earnings of 276 per share and revenue of 568 billion for the quarter stryk
STRYKER CORPORATION,Head-To-Head Comparison: Optex Systems (NASDAQ:OPXS) vs. Odysight.Ai (NASDAQ:ODYS),"Optex Systems (NASDAQ:OPXS – Get Free Report) and Odysight.Ai (NASDAQ:ODYS – Get Free Report) are both small-cap aerospace companies, but which is the better investment? We will compare the two businesses based on the strength of their valuation, risk, analys…","Optex Systems (NASDAQ:OPXS – Get Free Report) and Odysight.Ai (NASDAQ:ODYS – Get Free Report) are both small-cap aerospace companies, but which is the better investment? We will compare the two busin… [+5014 chars]",2025-04-25 07:00:48+00:00,headtohead comparison optex systems nasdaqopxs vs odysightai nasdaqodys optex systems nasdaqopxs  get free report and odysightai nasdaqodys  get free report are both smallcap aerospace companies but which is the better investment we will compare the two businesses based on the strength of their valuation risk analys
STRYKER CORPORATION,Head-To-Head Contrast: Spectral Medical (OTCMKTS:EDTXF) vs. Stryker (NYSE:SYK),"Spectral Medical (OTCMKTS:EDTXF – Get Free Report) and Stryker (NYSE:SYK – Get Free Report) are both medical companies, but which is the better stock? We will contrast the two companies based on the strength of their earnings, profitability, institutional own…","Spectral Medical (OTCMKTS:EDTXF – Get Free Report) and Stryker (NYSE:SYK – Get Free Report) are both medical companies, but which is the better stock? We will contrast the two companies based on the … [+5763 chars]",2025-04-22 06:42:58+00:00,headtohead contrast spectral medical otcmktsedtxf vs stryker nysesyk spectral medical otcmktsedtxf  get free report and stryker nysesyk  get free report are both medical companies but which is the better stock we will contrast the two companies based on the strength of their earnings profitability institutional own
STRYKER CORPORATION,Stryker (NYSE:SYK) Stock Unloaded Rep. Jefferson Shreve,"Representative Jefferson Shreve (R-Indiana) recently sold shares of Stryker Co. (NYSE:SYK). In a filing disclosed on April 11th, the Representative disclosed that they had sold between $50,001 and $100,000 in Stryker stock on March 13th. The trade occurred in…","Representative Jefferson Shreve (R-Indiana) recently sold shares of Stryker Co. (NYSE:SYK). In a filing disclosed on April 11th, the Representative disclosed that they had sold between $50,001 and $1… [+7352 chars]",2025-04-16 06:02:51+00:00,stryker nysesyk stock unloaded rep jefferson shreve representative jefferson shreve rindiana recently sold shares of stryker co nysesyk in a filing disclosed on april 11th the representative disclosed that they had sold between 50001 and 100000 in stryker stock on march 13th the trade occurred in
STRYKER CORPORATION,Boston Scientific Corporation (BSX): A Bull Case Theory,"We came across a bullish thesis on Boston Scientific Corporation (BSX) on Substack by Magnus Ofstad. In this article, we will summarize the bulls’ thesis on ...","We came across a bullish thesis on Boston Scientific Corporation (BSX) on Substack by Magnus Ofstad. In this article, we will summarize the bulls thesis on BSX. Boston Scientific Corporation (BSX)'s … [+3570 chars]",2025-04-15 16:22:45+00:00,boston scientific corporation bsx a bull case theory we came across a bullish thesis on boston scientific corporation bsx on substack by magnus ofstad in this article we will summarize the bulls thesis on 
STRYKER CORPORATION,Optex Systems (NASDAQ:OPXS) vs. Odysight.Ai (NASDAQ:ODYS) Financial Review,"Odysight.Ai (NASDAQ:ODYS – Get Free Report) and Optex Systems (NASDAQ:OPXS – Get Free Report) are both small-cap business services companies, but which is the superior investment? We will compare the two companies based on the strength of their valuation, div…","Odysight.Ai (NASDAQ:ODYS – Get Free Report) and Optex Systems (NASDAQ:OPXS – Get Free Report) are both small-cap business services companies, but which is the superior investment? We will compare the… [+5182 chars]",2025-04-14 06:00:51+00:00,optex systems nasdaqopxs vs odysightai nasdaqodys financial review odysightai nasdaqodys  get free report and optex systems nasdaqopxs  get free report are both smallcap business services companies but which is the superior investment we will compare the two companies based on the strength of their valuation div
STRYKER CORPORATION,NVIDIA (NASDAQ:NVDA) Shares Acquired Rep. Jared Moskowitz,"Representative Jared Moskowitz (D-Florida) recently bought shares of NVIDIA Co. (NASDAQ:NVDA). In a filing disclosed on April 08th, the Representative disclosed that they had bought between $1,001 and $15,000 in NVIDIA stock on March 10th. The trade occurred …","Representative Jared Moskowitz (D-Florida) recently bought shares of NVIDIA Co. (NASDAQ:NVDA). In a filing disclosed on April 08th, the Representative disclosed that they had bought between $1,001 an… [+7918 chars]",2025-04-10 06:34:49+00:00,nvidia nasdaqnvda shares acquired rep jared moskowitz representative jared moskowitz dflorida recently bought shares of nvidia co nasdaqnvda in a filing disclosed on april 08th the representative disclosed that they had bought between 1001 and 15000 in nvidia stock on march 10th the trade occurred 
STRYKER CORPORATION,Stryker Co. (NYSE:SYK) Receives Consensus Recommendation of “Moderate Buy” from Analysts,"Stryker Co. (NYSE:SYK – Get Free Report) has been given a consensus rating of “Moderate Buy” by the twenty analysts that are currently covering the company, MarketBeat Ratings reports. Four equities research analysts have rated the stock with a hold recommend…","Stryker Co. (NYSE:SYK – Get Free Report) has been given a consensus rating of “Moderate Buy” by the twenty analysts that are currently covering the company, MarketBeat Ratings reports. Four equities … [+5630 chars]",2025-04-08 06:22:58+00:00,stryker co nysesyk receives consensus recommendation of moderate buy from analysts stryker co nysesyk  get free report has been given a consensus rating of moderate buy by the twenty analysts that are currently covering the company marketbeat ratings reports four equities research analysts have rated the stock with a hold recommend
STRYKER CORPORATION,Danaher Corporation (DHR): One of the Best Healthcare Stocks to Buy According to Billionaires,"We recently published a list of 10 Best Healthcare Stocks to Buy According to Billionaires. In this article, we are going to take a look at where Danaher...","We recently published a list of 10 Best Healthcare Stocks to Buy According to Billionaires. In this article, we are going to take a look at where Danaher Corporation (NYSE:DHR) stands against other b… [+8159 chars]",2025-04-01 20:55:47+00:00,danaher corporation dhr one of the best healthcare stocks to buy according to billionaires we recently published a list of 10 best healthcare stocks to buy according to billionaires in this article we are going to take a look at where danaher
STRYKER CORPORATION,CVS Health (CVS): One of the Best Healthcare Stocks to Buy According to Billionaires,"We recently published a list of 10 Best Healthcare Stocks to Buy According to Billionaires. In this article, we are going to take a look at where CVS Health ...","We recently published a list of 10 Best Healthcare Stocks to Buy According to Billionaires. In this article, we are going to take a look at where CVS Health Corporation (NYSE:CVS) stands against othe… [+7907 chars]",2025-04-01 13:49:20+00:00,cvs health cvs one of the best healthcare stocks to buy according to billionaires we recently published a list of 10 best healthcare stocks to buy according to billionaires in this article we are going to take a look at where cvs health 
STRYKER CORPORATION,Stryker’s (SYK) “Buy” Rating Reiterated at Needham & Company LLC,"Needham & Company LLC reissued their buy rating on shares of Stryker (NYSE:SYK – Free Report) in a report released on Friday,Benzinga reports. Needham & Company LLC currently has a $442.00 price target on the medical technology company’s stock. Other equities…","Needham &amp; Company LLC reissued their buy rating on shares of Stryker (NYSE:SYK – Free Report) in a report released on Friday,Benzinga reports. Needham &amp; Company LLC currently has a $442.00 pr… [+5442 chars]",2025-03-24 05:22:54+00:00,strykers syk buy rating reiterated at needham  company llc needham  company llc reissued their buy rating on shares of stryker nysesyk  free report in a report released on fridaybenzinga reports needham  company llc currently has a 44200 price target on the medical technology companys stock other equities
STRYKER CORPORATION,Meet The Billionaire March Madness Boosters,Inside the C-Suite 16—a group of ultra-rich fans using their combined net worth of $357 billion to bankroll the schools in the 2025 NCAA men’s basketball tournament.,"Inside the C-Suite 16a group of ultra-rich fans using their combined net worth of $357 billion to bankroll the schools in the 2025 NCAA mens basketball tournament.
With college sports in their NIL e… [+12982 chars]",2025-03-20 10:30:00+00:00,meet the billionaire march madness boosters inside the csuite 16a group of ultrarich fans using their combined net worth of 357 billion to bankroll the schools in the 2025 ncaa mens basketball tournament
STRYKER CORPORATION,Analysts Set Stryker Co. (NYSE:SYK) Target Price at $421.90,"Stryker Co. (NYSE:SYK – Get Free Report) has earned a consensus recommendation of “Moderate Buy” from the twenty ratings firms that are presently covering the company, MarketBeat Ratings reports. Four analysts have rated the stock with a hold recommendation a…","Stryker Co. (NYSE:SYK – Get Free Report) has earned a consensus recommendation of “Moderate Buy” from the twenty ratings firms that are presently covering the company, MarketBeat Ratings reports. Fou… [+5318 chars]",2025-03-17 05:43:03+00:00,analysts set stryker co nysesyk target price at 42190 stryker co nysesyk  get free report has earned a consensus recommendation of moderate buy from the twenty ratings firms that are presently covering the company marketbeat ratings reports four analysts have rated the stock with a hold recommendation a
STRYKER CORPORATION,"Rep. Thomas H. Kean, Jr. Sells Off Shares of Stryker Co. (NYSE:SYK)","Representative Thomas H. Kean, Jr. (R-New Jersey) recently sold shares of Stryker Co. (NYSE:SYK). In a filing disclosed on March 14th, the Representative disclosed that they had sold between $15,001 and $50,000 in Stryker stock on February 26th. The trade occ…","Representative Thomas H. Kean, Jr. (R-New Jersey) recently sold shares of Stryker Co. (NYSE:SYK). In a filing disclosed on March 14th, the Representative disclosed that they had sold between $15,001 … [+7162 chars]",2025-03-16 06:06:59+00:00,rep thomas h kean jr sells off shares of stryker co nysesyk representative thomas h kean jr rnew jersey recently sold shares of stryker co nysesyk in a filing disclosed on march 14th the representative disclosed that they had sold between 15001 and 50000 in stryker stock on february 26th the trade occ
STRYKER CORPORATION,Stryker Co. (NYSE:SYK) Shares Bought by Assetmark Inc.,"Assetmark Inc. lifted its position in shares of Stryker Co. (NYSE:SYK – Free Report) by 28.1% in the fourth quarter, Holdings Channel reports. The institutional investor owned 1,298 shares of the medical technology company’s stock after acquiring an additiona…","Assetmark Inc. lifted its position in shares of Stryker Co. (NYSE:SYK – Free Report) by 28.1% in the fourth quarter, Holdings Channel reports. The institutional investor owned 1,298 shares of the med… [+5402 chars]",2025-03-13 07:34:58+00:00,stryker co nysesyk shares bought by assetmark inc assetmark inc lifted its position in shares of stryker co nysesyk  free report by 281 in the fourth quarter holdings channel reports the institutional investor owned 1298 shares of the medical technology companys stock after acquiring an additiona
STRYKER CORPORATION,"Orthopedics Robotic-Assisted Surgery Industry Forecast 2025-2035 - By 2035, Cost-Effective Robotic Systems Will Propel Market Expansion in Emerging Regions",Spinal Surgery Innovation Gains Momentum as Trauma and Degenerative Disorders Surge Spinal Surgery Innovation Gains Momentum as Trauma and Degenerative Disorders Surge,"Dublin, March 12, 2025 (GLOBE NEWSWIRE) -- The ""Global Orthopedics (Joints &amp; Spine) Robotic Assisted Surgery Market, 2025-2035: Focus on Product Type, End User, and Geography"" report has been add… [+8164 chars]",2025-03-12 12:42:00+00:00,orthopedics roboticassisted surgery industry forecast 20252035  by 2035 costeffective robotic systems will propel market expansion in emerging regions spinal surgery innovation gains momentum as trauma and degenerative disorders surge spinal surgery innovation gains momentum as trauma and degenerative disorders surge
STRYKER CORPORATION,Comparing Nemaura Medical (NASDAQ:NMRD) and Microbot Medical (NASDAQ:MBOT),"Nemaura Medical (NASDAQ:NMRD – Get Free Report) and Microbot Medical (NASDAQ:MBOT – Get Free Report) are both small-cap medical companies, but which is the better investment? We will contrast the two businesses based on the strength of their earnings, profita…","Nemaura Medical (NASDAQ:NMRD – Get Free Report) and Microbot Medical (NASDAQ:MBOT – Get Free Report) are both small-cap medical companies, but which is the better investment? We will contrast the two… [+4600 chars]",2025-03-11 06:15:05+00:00,comparing nemaura medical nasdaqnmrd and microbot medical nasdaqmbot nemaura medical nasdaqnmrd  get free report and microbot medical nasdaqmbot  get free report are both smallcap medical companies but which is the better investment we will contrast the two businesses based on the strength of their earnings profita
STRYKER CORPORATION,Can SYK Stock Plunge Below $300?,This new device addresses the ongoing nursing shortage by streamlining workflows and providing seamless access to critical people and information.,"CANADA - 2025/01/28: In this photo illustration, the Stryker Corporation logo is seen displayed on a ... [+] smartphone screen. (Photo Illustration by Thomas Fuller/SOPA Images/LightRocket via Getty … [+5183 chars]",2025-03-07 13:13:36+00:00,can syk stock plunge below 300 this new device addresses the ongoing nursing shortage by streamlining workflows and providing seamless access to critical people and information
STRYKER CORPORATION,Stryker (NYSE:SYK) Downgraded by StockNews.com to “Hold”,Stryker (NYSE:SYK – Get Free Report) was downgraded by equities research analysts at StockNews.com from a “buy” rating to a “hold” rating in a research report issued to clients and investors on Thursday. SYK has been the topic of a number of other research re…,Stryker (NYSE:SYK – Get Free Report) was downgraded by equities research analysts at StockNews.com from a “buy” rating to a “hold” rating in a research report issued to clients and investors on Thurs… [+5064 chars],2025-03-06 07:15:00+00:00,stryker nysesyk downgraded by stocknewscom to hold stryker nysesyk  get free report was downgraded by equities research analysts at stocknewscom from a buy rating to a hold rating in a research report issued to clients and investors on thursday syk has been the topic of a number of other research re
STRYKER CORPORATION,Citigroup Reiterates “Buy” Rating for Stryker (NYSE:SYK),"Stryker (NYSE:SYK – Get Free Report)‘s stock had its “buy” rating reaffirmed by research analysts at Citigroup in a research report issued on Wednesday, Marketbeat reports. They currently have a $450.00 price objective on the medical technology company’s stoc…","Stryker (NYSE:SYK – Get Free Report)‘s stock had its “buy” rating reaffirmed by research analysts at Citigroup in a research report issued on Wednesday, Marketbeat reports. They currently have a $450… [+5141 chars]",2025-02-28 08:31:07+00:00,citigroup reiterates buy rating for stryker nysesyk stryker nysesyk  get free reports stock had its buy rating reaffirmed by research analysts at citigroup in a research report issued on wednesday marketbeat reports they currently have a 45000 price objective on the medical technology companys stoc
STRYKER CORPORATION,StockNews.com Downgrades Stryker (NYSE:SYK) to Hold,Stryker (NYSE:SYK – Get Free Report) was downgraded by StockNews.com from a “buy” rating to a “hold” rating in a research report issued on Tuesday. SYK has been the topic of several other research reports. Morgan Stanley raised Stryker from an “equal weight” …,"Stryker (NYSE:SYK – Get Free Report) was downgraded by StockNews.com from a “buy” rating to a “hold” rating in a research report issued on Tuesday.
SYK has been the topic of several other research r… [+4935 chars]",2025-02-27 06:48:55+00:00,stocknewscom downgrades stryker nysesyk to hold stryker nysesyk  get free report was downgraded by stocknewscom from a buy rating to a hold rating in a research report issued on tuesday syk has been the topic of several other research reports morgan stanley raised stryker from an equal weight 
STRYKER CORPORATION,Zacks Research Analysts Lower Earnings Estimates for Stryker,"Stryker Co. (NYSE:SYK – Free Report) – Equities researchers at Zacks Research dropped their Q1 2025 earnings per share (EPS) estimates for shares of Stryker in a research report issued to clients and investors on Tuesday, February 18th. Zacks Research analyst…",Stryker Co. (NYSE:SYK – Free Report) – Equities researchers at Zacks Research dropped their Q1 2025 earnings per share (EPS) estimates for shares of Stryker in a research report issued to clients and… [+5989 chars],2025-02-22 06:34:54+00:00,zacks research analysts lower earnings estimates for stryker stryker co nysesyk  free report  equities researchers at zacks research dropped their q1 2025 earnings per share eps estimates for shares of stryker in a research report issued to clients and investors on tuesday february 18th zacks research analyst
STRYKER CORPORATION,Sight Sciences (NASDAQ:SGHT) & Microbot Medical (NASDAQ:MBOT) Head to Head Survey,"Microbot Medical (NASDAQ:MBOT – Get Free Report) and Sight Sciences (NASDAQ:SGHT – Get Free Report) are both small-cap medical companies, but which is the better business? We will compare the two businesses based on the strength of their valuation, risk, anal…","Microbot Medical (NASDAQ:MBOT – Get Free Report) and Sight Sciences (NASDAQ:SGHT – Get Free Report) are both small-cap medical companies, but which is the better business? We will compare the two bus… [+5191 chars]",2025-02-21 07:26:52+00:00,sight sciences nasdaqsght  microbot medical nasdaqmbot head to head survey microbot medical nasdaqmbot  get free report and sight sciences nasdaqsght  get free report are both smallcap medical companies but which is the better business we will compare the two businesses based on the strength of their valuation risk anal
STRYKER CORPORATION,Critical Analysis: Microbot Medical (NASDAQ:MBOT) and Revolutions Medical (OTCMKTS:RMCP),"Revolutions Medical (OTCMKTS:RMCP – Get Free Report) and Microbot Medical (NASDAQ:MBOT – Get Free Report) are both medical companies, but which is the better business? We will compare the two companies based on the strength of their risk, analyst recommendati…","Revolutions Medical (OTCMKTS:RMCP – Get Free Report) and Microbot Medical (NASDAQ:MBOT – Get Free Report) are both medical companies, but which is the better business? We will compare the two compani… [+4854 chars]",2025-02-18 06:46:49+00:00,critical analysis microbot medical nasdaqmbot and revolutions medical otcmktsrmcp revolutions medical otcmktsrmcp  get free report and microbot medical nasdaqmbot  get free report are both medical companies but which is the better business we will compare the two companies based on the strength of their risk analyst recommendati
STRYKER CORPORATION,Barclays Raises Stryker (NYSE:SYK) Price Target to $443.00,"Stryker (NYSE:SYK – Get Free Report) had its price objective increased by stock analysts at Barclays from $418.00 to $443.00 in a research note issued to investors on Monday,Benzinga reports. The brokerage currently has an “overweight” rating on the medical t…","Stryker (NYSE:SYK – Get Free Report) had its price objective increased by stock analysts at Barclays from $418.00 to $443.00 in a research note issued to investors on Monday,Benzinga reports. The bro… [+4597 chars]",2025-02-12 06:50:57+00:00,barclays raises stryker nysesyk price target to 44300 stryker nysesyk  get free report had its price objective increased by stock analysts at barclays from 41800 to 44300 in a research note issued to investors on mondaybenzinga reports the brokerage currently has an overweight rating on the medical t
STRYKER CORPORATION,Truist Financial Forecasts Strong Price Appreciation for Stryker (NYSE:SYK) Stock,"Stryker (NYSE:SYK – Free Report) had its price objective lifted by Truist Financial from $409.00 to $413.00 in a research report sent to investors on Thursday morning,Benzinga reports. Truist Financial currently has a hold rating on the medical technology com…","Stryker (NYSE:SYK – Free Report) had its price objective lifted by Truist Financial from $409.00 to $413.00 in a research report sent to investors on Thursday morning,Benzinga reports. Truist Financi… [+5340 chars]",2025-02-02 08:38:49+00:00,truist financial forecasts strong price appreciation for stryker nysesyk stock stryker nysesyk  free report had its price objective lifted by truist financial from 40900 to 41300 in a research report sent to investors on thursday morningbenzinga reports truist financial currently has a hold rating on the medical technology com
STRYKER CORPORATION,StockNews.com Downgrades Stryker (NYSE:SYK) to Hold,Stryker (NYSE:SYK – Get Free Report) was downgraded by investment analysts at StockNews.com from a “buy” rating to a “hold” rating in a research report issued on Thursday. SYK has been the subject of a number of other research reports. Piper Sandler reiterate…,"Stryker (NYSE:SYK – Get Free Report) was downgraded by investment analysts at StockNews.com from a “buy” rating to a “hold” rating in a research report issued on Thursday.
SYK has been the subject o… [+4270 chars]",2025-02-01 07:27:09+00:00,stocknewscom downgrades stryker nysesyk to hold stryker nysesyk  get free report was downgraded by investment analysts at stocknewscom from a buy rating to a hold rating in a research report issued on thursday syk has been the subject of a number of other research reports piper sandler reiterate
STRYKER CORPORATION,Stryker (NYSE:SYK) Given New $440.00 Price Target at Stifel Nicolaus,"Stryker (NYSE:SYK – Get Free Report) had its target price hoisted by investment analysts at Stifel Nicolaus from $400.00 to $440.00 in a report released on Wednesday,Benzinga reports. The firm presently has a “buy” rating on the medical technology company’s s…","Stryker (NYSE:SYK – Get Free Report) had its target price hoisted by investment analysts at Stifel Nicolaus from $400.00 to $440.00 in a report released on Wednesday,Benzinga reports. The firm presen… [+4943 chars]",2025-01-31 07:32:47+00:00,stryker nysesyk given new 44000 price target at stifel nicolaus stryker nysesyk  get free report had its target price hoisted by investment analysts at stifel nicolaus from 40000 to 44000 in a report released on wednesdaybenzinga reports the firm presently has a buy rating on the medical technology companys s
STRYKER CORPORATION,Stryker (NYSE:SYK) Given New $435.00 Price Target at Canaccord Genuity Group,"Stryker (NYSE:SYK – Get Free Report) had its price target raised by research analysts at Canaccord Genuity Group from $420.00 to $435.00 in a report issued on Wednesday,Benzinga reports. The firm currently has a “buy” rating on the medical technology company’…","Stryker (NYSE:SYK – Get Free Report) had its price target raised by research analysts at Canaccord Genuity Group from $420.00 to $435.00 in a report issued on Wednesday,Benzinga reports. The firm cur… [+5005 chars]",2025-01-31 07:32:46+00:00,stryker nysesyk given new 43500 price target at canaccord genuity group stryker nysesyk  get free report had its price target raised by research analysts at canaccord genuity group from 42000 to 43500 in a report issued on wednesdaybenzinga reports the firm currently has a buy rating on the medical technology company
STRYKER CORPORATION,Roth Capital Weighs in on Stryker’s Q1 Earnings (NYSE:SYK),"Stryker Co. (NYSE:SYK – Free Report) – Stock analysts at Roth Capital issued their Q1 2025 EPS estimates for Stryker in a research report issued to clients and investors on Wednesday, January 29th. Roth Capital analyst J. Wittes expects that the medical techn…","Stryker Co. (NYSE:SYK – Free Report) – Stock analysts at Roth Capital issued their Q1 2025 EPS estimates for Stryker in a research report issued to clients and investors on Wednesday, January 29th. R… [+5584 chars]",2025-01-31 06:41:06+00:00,roth capital weighs in on strykers q1 earnings nysesyk stryker co nysesyk  free report  stock analysts at roth capital issued their q1 2025 eps estimates for stryker in a research report issued to clients and investors on wednesday january 29th roth capital analyst j wittes expects that the medical techn
STRYKER CORPORATION,Stryker reports 2024 operating results and 2025 outlook,"Portage, Michigan, Jan.  28, 2025  (GLOBE NEWSWIRE) -- Stryker (NYSE:SYK) reported operating results for the fourth quarter and full year of 2024: ...","Portage, Michigan, Jan. 28, 2025 (GLOBE NEWSWIRE) -- Stryker (NYSE:SYK) reported operating results for the fourth quarter and full year of 2024:
Fourth Quarter Results
<ul><li>Reported net sales in… [+84734 chars]",2025-01-28 21:05:00+00:00,stryker reports 2024 operating results and 2025 outlook portage michigan jan  28 2025  globe newswire  stryker nysesyk reported operating results for the fourth quarter and full year of 2024 
STRYKER CORPORATION,"RFG Advisory LLC Has $474,000 Position in Stryker Co. (NYSE:SYK)","RFG Advisory LLC grew its holdings in Stryker Co. (NYSE:SYK – Free Report) by 4.4% in the fourth quarter, according to the company in its most recent 13F filing with the SEC. The institutional investor owned 1,316 shares of the medical technology company’s st…","RFG Advisory LLC grew its holdings in Stryker Co. (NYSE:SYK – Free Report) by 4.4% in the fourth quarter, according to the company in its most recent 13F filing with the SEC. The institutional invest… [+5512 chars]",2025-01-28 09:06:55+00:00,rfg advisory llc has 474000 position in stryker co nysesyk rfg advisory llc grew its holdings in stryker co nysesyk  free report by 44 in the fourth quarter according to the company in its most recent 13f filing with the sec the institutional investor owned 1316 shares of the medical technology companys st
STRYKER CORPORATION,Stock Market Live Updates: Stock to buy today: Bank of India (₹104.30) - BUY,"Sensex, Nifty, Share Prices LIVE: The short-term outlook is bullish for the Bank of India. The stock began the week on a positive note, surging 6 per cent on Monday. A complex inverted head and shoulder pattern is visible on the daily chart. The neckline supp…","SAP SE (Pre market) (Sector- Technology)
RTX Corporation (Pre market) (Sector- Defense)
Boeing Company (Pre market) (Sector- Defense)
Lockheed Martin Corporation (Pre market) (Sector- Defense)
Ro… [+6869 chars]",2025-01-28 01:19:43+00:00,stock market live updates stock to buy today bank of india 10430  buy sensex nifty share prices live the shortterm outlook is bullish for the bank of india the stock began the week on a positive note surging 6 per cent on monday a complex inverted head and shoulder pattern is visible on the daily chart the neckline supp
STRYKER CORPORATION,"Share Market Highlights: Sensex, Nifty recover from two-day decline, powered by bank stocks","Sensex, Nifty updates on 28 January 2025: Indian stock indices, Sensex and Nifty, bounced back on Tuesday after two days of significant declines, spurred by strong buying in banking and rate-sensitive sectors following the Reserve Bank of India’s decision to …","<li></li>
January 28, 2025 16:25The live blog is now closed.
<li></li>
January 28, 2025 16:21Share market updates: NSE, Chhattisgarh Govt sign MoU for student skilling program 
NSE and Government… [+63184 chars]",2025-01-28 01:19:43+00:00,share market highlights sensex nifty recover from twoday decline powered by bank stocks sensex nifty updates on 28 january 2025 indian stock indices sensex and nifty bounced back on tuesday after two days of significant declines spurred by strong buying in banking and ratesensitive sectors following the reserve bank of indias decision to 
STRYKER CORPORATION,Here's what we'd like to see from our 8 stocks reporting earnings this week,"Plus, we'll get the personal income and spending report, which includes the Fed's preferred measure of inflation.","The first trading week of President Donald Trump's second term was positive for all three major averages, as investors cheered the incoming administration's pro-business policies and corporate earnin… [+10790 chars]",2025-01-26 16:21:44+00:00,heres what wed like to see from our 8 stocks reporting earnings this week plus well get the personal income and spending report which includes the feds preferred measure of inflation
STRYKER CORPORATION,Stryker (SYK) Expected to Announce Quarterly Earnings on Tuesday,"Stryker (NYSE:SYK – Get Free Report) is expected to be releasing its earnings data after the market closes on Tuesday, January 28th. Analysts expect Stryker to post earnings of $3.87 per share and revenue of $6,358,730.00 billion for the quarter. Stryker has …","Stryker (NYSE:SYK – Get Free Report) is expected to be releasing its earnings data after the market closes on Tuesday, January 28th. Analysts expect Stryker to post earnings of $3.87 per share and re… [+4363 chars]",2025-01-26 07:21:00+00:00,stryker syk expected to announce quarterly earnings on tuesday stryker nysesyk  get free report is expected to be releasing its earnings data after the market closes on tuesday january 28th analysts expect stryker to post earnings of 387 per share and revenue of 635873000 billion for the quarter stryker has 
STRYKER CORPORATION,Brokerages Set Stryker Co. (NYSE:SYK) Target Price at $405.80,"Shares of Stryker Co. (NYSE:SYK – Get Free Report) have been assigned an average rating of “Moderate Buy” from the twenty-one analysts that are covering the stock, MarketBeat reports. Four investment analysts have rated the stock with a hold rating and sevent…","Shares of Stryker Co. (NYSE:SYK – Get Free Report) have been assigned an average rating of “Moderate Buy” from the twenty-one analysts that are covering the stock, MarketBeat reports. Four investment… [+5123 chars]",2025-01-26 06:43:00+00:00,brokerages set stryker co nysesyk target price at 40580 shares of stryker co nysesyk  get free report have been assigned an average rating of moderate buy from the twentyone analysts that are covering the stock marketbeat reports four investment analysts have rated the stock with a hold rating and sevent
STRYKER CORPORATION,"$HAREHOLDER ALERT: The M&A Class Action Firm Urges Stockholders of NARI, DFS, LBRDA, CCRN to Act Now","NEW YORK, Jan. 24, 2025 (GLOBE NEWSWIRE) -- Monteverde & Associates PC
 (the “M&A Class Action Firm”), has recovered millions of dollars for shareholders and is recognized as a Top 50 Firm by ISS Securities Class Action Services Report. We are headquartered …","NEW YORK, Jan. 24, 2025 (GLOBE NEWSWIRE) -- 
Monteverde &amp; Associates PC
 (the M&amp;A Class Action Firm), has recovered millions of dollars for shareholders and is recognized as a Top 50 Firm b… [+3450 chars]",2025-01-24 23:00:00+00:00,"hareholder alert the ma class action firm urges stockholders of nari dfs lbrda ccrn to act now new york jan 24 2025 globe newswire  monteverde  associates pc
 the ma class action firm has recovered millions of dollars for shareholders and is recognized as a top 50 firm by iss securities class action services report we are headquartered "
STRYKER CORPORATION,"SHAREHOLDER INVESTIGATION: Halper Sadeh LLC Investigates CCRN, NARI, VTS, QTRX on Behalf of Shareholders","NEW YORK, Jan. 24, 2025 (GLOBE NEWSWIRE) -- Halper Sadeh LLC, an investor rights law firm, is investigating the following companies for potential violations of the federal securities laws and/or breaches of fiduciary duties to shareholders relating to:","NEW YORK, Jan. 24, 2025 (GLOBE NEWSWIRE) -- Halper Sadeh LLC, an investor rights law firm, is investigating the following companies for potential violations of the federal securities laws and/or brea… [+2252 chars]",2025-01-24 14:39:00+00:00,shareholder investigation halper sadeh llc investigates ccrn nari vts qtrx on behalf of shareholders new york jan 24 2025 globe newswire  halper sadeh llc an investor rights law firm is investigating the following companies for potential violations of the federal securities laws andor breaches of fiduciary duties to shareholders relating to
STRYKER CORPORATION,"Kuehn Law Encourages NARI, QTRX, CCRN, and VTS Investors to Contact Law Firm","Kuehn Law Encourages NARI, QTRX, CCRN, and VTS Investors to Contact Law Firm......","NEW YORK, Jan. 24, 2025 (GLOBE NEWSWIRE) -- Kuehn Law, PLLC, a shareholder litigation law firm, is investigating potential claims related to the below-listed proposed mergers. Kuehn Law may seek addi… [+2059 chars]",2025-01-24 14:12:00+00:00,kuehn law encourages nari qtrx ccrn and vts investors to contact law firm kuehn law encourages nari qtrx ccrn and vts investors to contact law firm
STRYKER CORPORATION,Ameritas Advisory Services LLC Cuts Stock Position in Stryker Co. (NYSE:SYK),"Ameritas Advisory Services LLC lowered its position in shares of Stryker Co. (NYSE:SYK – Free Report) by 33.7% in the 4th quarter, according to its most recent Form 13F filing with the Securities & Exchange Commission. The institutional investor owned 1,051 s…","Ameritas Advisory Services LLC lowered its position in shares of Stryker Co. (NYSE:SYK – Free Report) by 33.7% in the 4th quarter, according to its most recent Form 13F filing with the Securities &am… [+5359 chars]",2025-01-24 09:13:14+00:00,ameritas advisory services llc cuts stock position in stryker co nysesyk ameritas advisory services llc lowered its position in shares of stryker co nysesyk  free report by 337 in the 4th quarter according to its most recent form 13f filing with the securities  exchange commission the institutional investor owned 1051 s
STRYKER CORPORATION,StockNews.com Downgrades Stryker (NYSE:SYK) to Hold,Stryker (NYSE:SYK – Get Free Report) was downgraded by research analysts at StockNews.com from a “buy” rating to a “hold” rating in a report released on Wednesday. SYK has been the topic of a number of other research reports. Royal Bank of Canada reiterated a…,"Stryker (NYSE:SYK – Get Free Report) was downgraded by research analysts at StockNews.com from a “buy” rating to a “hold” rating in a report released on Wednesday.
SYK has been the topic of a number… [+5227 chars]",2025-01-22 07:08:51+00:00,stocknewscom downgrades stryker nysesyk to hold stryker nysesyk  get free report was downgraded by research analysts at stocknewscom from a buy rating to a hold rating in a report released on wednesday syk has been the topic of a number of other research reports royal bank of canada reiterated a
STRYKER CORPORATION,Stryker Co. (NYSE:SYK) Shares Sold by Gateway Investment Advisers LLC,"Gateway Investment Advisers LLC lowered its stake in Stryker Co. (NYSE:SYK – Free Report) by 9.3% during the fourth quarter, according to its most recent 13F filing with the SEC. The firm owned 1,132 shares of the medical technology company’s stock after sell…","Gateway Investment Advisers LLC lowered its stake in Stryker Co. (NYSE:SYK – Free Report) by 9.3% during the fourth quarter, according to its most recent 13F filing with the SEC. The firm owned 1,132… [+5995 chars]",2025-01-20 08:39:20+00:00,stryker co nysesyk shares sold by gateway investment advisers llc gateway investment advisers llc lowered its stake in stryker co nysesyk  free report by 93 during the fourth quarter according to its most recent 13f filing with the sec the firm owned 1132 shares of the medical technology companys stock after sell
STRYKER CORPORATION,Stryker Co. (NYSE:SYK) Shares Acquired by Ritholtz Wealth Management,"Ritholtz Wealth Management increased its stake in Stryker Co. (NYSE:SYK – Free Report) by 3.5% in the fourth quarter, Holdings Channel.com reports. The institutional investor owned 5,322 shares of the medical technology company’s stock after purchasing an add…","Ritholtz Wealth Management increased its stake in Stryker Co. (NYSE:SYK – Free Report) by 3.5% in the fourth quarter, Holdings Channel.com reports. The institutional investor owned 5,322 shares of th… [+5680 chars]",2025-01-19 09:41:00+00:00,stryker co nysesyk shares acquired by ritholtz wealth management ritholtz wealth management increased its stake in stryker co nysesyk  free report by 35 in the fourth quarter holdings channelcom reports the institutional investor owned 5322 shares of the medical technology companys stock after purchasing an add
STRYKER CORPORATION,Stryker Co. (NYSE:SYK) Shares Sold by Burney Co.,"Burney Co. cut its holdings in Stryker Co. (NYSE:SYK – Free Report) by 20.1% during the fourth quarter, Holdings Channel reports. The institutional investor owned 755 shares of the medical technology company’s stock after selling 190 shares during the period.…","Burney Co. cut its holdings in Stryker Co. (NYSE:SYK – Free Report) by 20.1% during the fourth quarter, Holdings Channel reports. The institutional investor owned 755 shares of the medical technology… [+5483 chars]",2025-01-19 08:34:54+00:00,stryker co nysesyk shares sold by burney co burney co cut its holdings in stryker co nysesyk  free report by 201 during the fourth quarter holdings channel reports the institutional investor owned 755 shares of the medical technology companys stock after selling 190 shares during the period
STRYKER CORPORATION,752 Shares in Stryker Co. (NYSE:SYK) Acquired by Oak Thistle LLC,"Oak Thistle LLC acquired a new stake in Stryker Co. (NYSE:SYK – Free Report) during the fourth quarter, HoldingsChannel.com reports. The fund acquired 752 shares of the medical technology company’s stock, valued at approximately $271,000. Other hedge funds an…","Oak Thistle LLC acquired a new stake in Stryker Co. (NYSE:SYK – Free Report) during the fourth quarter, HoldingsChannel.com reports. The fund acquired 752 shares of the medical technology company’s s… [+5304 chars]",2025-01-18 09:53:05+00:00,752 shares in stryker co nysesyk acquired by oak thistle llc oak thistle llc acquired a new stake in stryker co nysesyk  free report during the fourth quarter holdingschannelcom reports the fund acquired 752 shares of the medical technology companys stock valued at approximately 271000 other hedge funds an
STRYKER CORPORATION,Brookstone Capital Management Boosts Stock Holdings in Stryker Co. (NYSE:SYK),"Brookstone Capital Management grew its position in Stryker Co. (NYSE:SYK – Free Report) by 29.6% in the 4th quarter, according to the company in its most recent Form 13F filing with the Securities and Exchange Commission (SEC). The fund owned 3,094 shares of …","Brookstone Capital Management grew its position in Stryker Co. (NYSE:SYK – Free Report) by 29.6% in the 4th quarter, according to the company in its most recent Form 13F filing with the Securities an… [+6138 chars]",2025-01-17 08:37:01+00:00,brookstone capital management boosts stock holdings in stryker co nysesyk brookstone capital management grew its position in stryker co nysesyk  free report by 296 in the 4th quarter according to the company in its most recent form 13f filing with the securities and exchange commission sec the fund owned 3094 shares of 
STRYKER CORPORATION,"Inspire Medical Systems, Inc. Announces Preliminary Results for the Fourth Quarter and Full Year 2024 and Provides Initial 2025 Revenue Guidance",Inspire Reports Year-over-Year Revenue Growth of 25% for the Fourth Quarter and 28% for the Full Year 2024 Inspire Reports Year-over-Year Revenue Growth of 25% for the Fourth Quarter and 28% for the Full Year 2024,"MINNEAPOLIS, Minn, Jan. 13, 2025 (GLOBE NEWSWIRE) -- Inspire Medical Systems, Inc. (NYSE: INSP) (Inspire, or the Company), a medical technology company focused on the development and commercializatio… [+11651 chars]",2025-01-13 11:45:00+00:00,inspire medical systems inc announces preliminary results for the fourth quarter and full year 2024 and provides initial 2025 revenue guidance inspire reports yearoveryear revenue growth of 25 for the fourth quarter and 28 for the full year 2024 inspire reports yearoveryear revenue growth of 25 for the fourth quarter and 28 for the full year 2024
STRYKER CORPORATION,Reviewing Microbot Medical (NASDAQ:MBOT) and CVR Medical (OTCMKTS:CRRVF),"CVR Medical (OTCMKTS:CRRVF – Get Free Report) and Microbot Medical (NASDAQ:MBOT – Get Free Report) are both small-cap medical companies, but which is the superior stock? We will contrast the two businesses based on the strength of their valuation, earnings, i…","CVR Medical (OTCMKTS:CRRVF – Get Free Report) and Microbot Medical (NASDAQ:MBOT – Get Free Report) are both small-cap medical companies, but which is the superior stock? We will contrast the two busi… [+3894 chars]",2025-01-13 07:25:05+00:00,reviewing microbot medical nasdaqmbot and cvr medical otcmktscrrvf cvr medical otcmktscrrvf  get free report and microbot medical nasdaqmbot  get free report are both smallcap medical companies but which is the superior stock we will contrast the two businesses based on the strength of their valuation earnings i
STRYKER CORPORATION,"SHAREHOLDER NOTICE: Halper Sadeh LLC Investigates LBRDA, NARI, ML, POAI on Behalf of Shareholders","NEW YORK, Jan. 11, 2025 (GLOBE NEWSWIRE) -- Halper Sadeh LLC, an investor rights law firm, is investigating the following companies for potential violations of the federal securities laws and/or breaches of fiduciary duties to shareholders relating to:","NEW YORK, Jan. 11, 2025 (GLOBE NEWSWIRE) -- Halper Sadeh LLC, an investor rights law firm, is investigating the following companies for potential violations of the federal securities laws and/or brea… [+2192 chars]",2025-01-11 15:24:00+00:00,shareholder notice halper sadeh llc investigates lbrda nari ml poai on behalf of shareholders new york jan 11 2025 globe newswire  halper sadeh llc an investor rights law firm is investigating the following companies for potential violations of the federal securities laws andor breaches of fiduciary duties to shareholders relating to
STRYKER CORPORATION,Stryker (NYSE:SYK) Raised to Buy at StockNews.com,Stryker (NYSE:SYK – Get Free Report) was upgraded by research analysts at StockNews.com from a “hold” rating to a “buy” rating in a research note issued on Thursday. Several other research analysts also recently commented on the company. Robert W. Baird raise…,"Stryker (NYSE:SYK – Get Free Report) was upgraded by research analysts at StockNews.com from a “hold” rating to a “buy” rating in a research note issued on Thursday.
Several other research analysts … [+4660 chars]",2025-01-11 06:49:03+00:00,stryker nysesyk raised to buy at stocknewscom stryker nysesyk  get free report was upgraded by research analysts at stocknewscom from a hold rating to a buy rating in a research note issued on thursday several other research analysts also recently commented on the company robert w baird raise
STRYKER CORPORATION,Stryker’s (SYK) “Market Perform” Rating Reiterated at JMP Securities,"JMP Securities reissued their market perform rating on shares of Stryker (NYSE:SYK – Free Report) in a research note issued to investors on Tuesday morning,Benzinga reports. Several other research firms have also recently commented on SYK. Robert W. Baird rai…","JMP Securities reissued their market perform rating on shares of Stryker (NYSE:SYK – Free Report) in a research note issued to investors on Tuesday morning,Benzinga reports.
Several other research f… [+5548 chars]",2025-01-10 07:48:50+00:00,strykers syk market perform rating reiterated at jmp securities jmp securities reissued their market perform rating on shares of stryker nysesyk  free report in a research note issued to investors on tuesday morningbenzinga reports several other research firms have also recently commented on syk robert w baird rai
STRYKER CORPORATION,Stryker Co. (NYSE:SYK) Shares Sold by Legacy Private Trust Co.,"Legacy Private Trust Co. reduced its position in Stryker Co. (NYSE:SYK – Free Report) by 7.0% during the 4th quarter, HoldingsChannel.com reports. The firm owned 1,434 shares of the medical technology company’s stock after selling 108 shares during the quarte…","Legacy Private Trust Co. reduced its position in Stryker Co. (NYSE:SYK – Free Report) by 7.0% during the 4th quarter, HoldingsChannel.com reports. The firm owned 1,434 shares of the medical technolog… [+5473 chars]",2025-01-09 09:56:44+00:00,stryker co nysesyk shares sold by legacy private trust co legacy private trust co reduced its position in stryker co nysesyk  free report by 70 during the 4th quarter holdingschannelcom reports the firm owned 1434 shares of the medical technology companys stock after selling 108 shares during the quarte
STRYKER CORPORATION,First Hawaiian Bank Reduces Position in Stryker Co. (NYSE:SYK),"First Hawaiian Bank reduced its position in shares of Stryker Co. (NYSE:SYK – Free Report) by 4.5% in the 4th quarter, according to the company in its most recent 13F filing with the Securities and Exchange Commission. The fund owned 8,361 shares of the medic…","First Hawaiian Bank reduced its position in shares of Stryker Co. (NYSE:SYK – Free Report) by 4.5% in the 4th quarter, according to the company in its most recent 13F filing with the Securities and E… [+5718 chars]",2025-01-09 09:05:00+00:00,first hawaiian bank reduces position in stryker co nysesyk first hawaiian bank reduced its position in shares of stryker co nysesyk  free report by 45 in the 4th quarter according to the company in its most recent 13f filing with the securities and exchange commission the fund owned 8361 shares of the medic
STRYKER CORPORATION,Royal Bank of Canada Reaffirms “Outperform” Rating for Stryker (NYSE:SYK),"Stryker (NYSE:SYK – Get Free Report)‘s stock had its “outperform” rating reissued by investment analysts at Royal Bank of Canada in a research note issued on Tuesday,Benzinga reports. They presently have a $425.00 price objective on the medical technology com…","Stryker (NYSE:SYK – Get Free Report)‘s stock had its “outperform” rating reissued by investment analysts at Royal Bank of Canada in a research note issued on Tuesday,Benzinga reports. They presently … [+5179 chars]",2025-01-09 06:50:48+00:00,royal bank of canada reaffirms outperform rating for stryker nysesyk stryker nysesyk  get free reports stock had its outperform rating reissued by investment analysts at royal bank of canada in a research note issued on tuesdaybenzinga reports they presently have a 42500 price objective on the medical technology com
STRYKER CORPORATION,Stryker (NYSE:SYK) Receives “Buy” Rating from Needham & Company LLC,"Needham & Company LLC restated their buy rating on shares of Stryker (NYSE:SYK – Free Report) in a report released on Tuesday,Benzinga reports. The firm currently has a $442.00 price objective on the medical technology company’s stock. Several other brokerage…","Needham &amp; Company LLC restated their buy rating on shares of Stryker (NYSE:SYK – Free Report) in a report released on Tuesday,Benzinga reports. The firm currently has a $442.00 price objective on… [+5693 chars]",2025-01-08 10:06:58+00:00,stryker nysesyk receives buy rating from needham  company llc needham  company llc restated their buy rating on shares of stryker nysesyk  free report in a report released on tuesdaybenzinga reports the firm currently has a 44200 price objective on the medical technology companys stock several other brokerage
STRYKER CORPORATION,Stryker Corporation Enters into Agreement to Acquire Inari Medical Inc.,"Stryker Corporation, a leading medical technologies company, has announced its definitive agreement to acquire Inari Medical, Inc., a Delaware corporation. The Agreement and Plan of Merger were entered into on January 6, 2025. Pursuant to this agreement, an a…","Stryker Corporation, a leading medical technologies company, has announced its definitive agreement to acquire Inari Medical, Inc., a Delaware corporation. The Agreement and Plan of Merger were enter… [+3226 chars]",2025-01-08 09:10:55+00:00,stryker corporation enters into agreement to acquire inari medical inc stryker corporation a leading medical technologies company has announced its definitive agreement to acquire inari medical inc a delaware corporation the agreement and plan of merger were entered into on january 6 2025 pursuant to this agreement an a
STRYKER CORPORATION,Weekly Research Analysts’ Ratings Changes for Stryker (SYK),Stryker (NYSE: SYK) recently received a number of ratings updates from brokerages and research firms: 1/7/2025 – Stryker had its “outperform” rating reaffirmed by analysts at Royal Bank of Canada. They now have a $425.00 price target on the stock. 1/7/2025 – …,"Stryker (NYSE: SYK) recently received a number of ratings updates from brokerages and research firms:
<ul><li>1/7/2025 – Stryker had its “outperform” rating reaffirmed by analysts at Royal Bank of C… [+6085 chars]",2025-01-08 07:30:51+00:00,weekly research analysts ratings changes for stryker syk stryker nyse syk recently received a number of ratings updates from brokerages and research firms 172025  stryker had its outperform rating reaffirmed by analysts at royal bank of canada they now have a 42500 price target on the stock 172025  
STRYKER CORPORATION,Legacy Wealth Management LLC MS Sells 655 Shares of Stryker Co. (NYSE:SYK),"Legacy Wealth Management LLC MS lowered its stake in Stryker Co. (NYSE:SYK – Free Report) by 7.0% in the 4th quarter, Holdings Channel reports. The firm owned 8,716 shares of the medical technology company’s stock after selling 655 shares during the quarter. …","Legacy Wealth Management LLC MS lowered its stake in Stryker Co. (NYSE:SYK – Free Report) by 7.0% in the 4th quarter, Holdings Channel reports. The firm owned 8,716 shares of the medical technology c… [+6292 chars]",2025-01-06 15:33:01+00:00,legacy wealth management llc ms sells 655 shares of stryker co nysesyk legacy wealth management llc ms lowered its stake in stryker co nysesyk  free report by 70 in the 4th quarter holdings channel reports the firm owned 8716 shares of the medical technology companys stock after selling 655 shares during the quarter 
STRYKER CORPORATION,"Nordea Investment Management AB Acquires 132,513 Shares of Stryker Co. (NYSE:SYK)","Nordea Investment Management AB boosted its position in Stryker Co. (NYSE:SYK – Free Report) by 15.8% during the 4th quarter, according to the company in its most recent Form 13F filing with the SEC. The institutional investor owned 971,735 shares of the medi…","Nordea Investment Management AB boosted its position in Stryker Co. (NYSE:SYK – Free Report) by 15.8% during the 4th quarter, according to the company in its most recent Form 13F filing with the SEC.… [+5819 chars]",2025-01-06 12:29:57+00:00,nordea investment management ab acquires 132513 shares of stryker co nysesyk nordea investment management ab boosted its position in stryker co nysesyk  free report by 158 during the 4th quarter according to the company in its most recent form 13f filing with the sec the institutional investor owned 971735 shares of the medi
STRYKER CORPORATION,"GAMMA Investing LLC Acquires 1,888 Shares of Stryker Co. (NYSE:SYK)","GAMMA Investing LLC grew its holdings in shares of Stryker Co. (NYSE:SYK – Free Report) by 65.1% during the fourth quarter, according to the company in its most recent filing with the Securities & Exchange Commission. The institutional investor owned 4,789 sh…","GAMMA Investing LLC grew its holdings in shares of Stryker Co. (NYSE:SYK – Free Report) by 65.1% during the fourth quarter, according to the company in its most recent filing with the Securities &amp… [+6149 chars]",2025-01-04 08:40:57+00:00,gamma investing llc acquires 1888 shares of stryker co nysesyk gamma investing llc grew its holdings in shares of stryker co nysesyk  free report by 651 during the fourth quarter according to the company in its most recent filing with the securities  exchange commission the institutional investor owned 4789 sh
STRYKER CORPORATION,StockNews.com Downgrades Stryker (NYSE:SYK) to Hold,Stryker (NYSE:SYK – Get Free Report) was downgraded by stock analysts at StockNews.com from a “buy” rating to a “hold” rating in a note issued to investors on Wednesday. Several other research analysts also recently issued reports on the stock. Wolfe Research…,"Stryker (NYSE:SYK – Get Free Report) was downgraded by stock analysts at StockNews.com from a “buy” rating to a “hold” rating in a note issued to investors on Wednesday.
Several other research analy… [+4995 chars]",2025-01-03 06:50:56+00:00,stocknewscom downgrades stryker nysesyk to hold stryker nysesyk  get free report was downgraded by stock analysts at stocknewscom from a buy rating to a hold rating in a note issued to investors on wednesday several other research analysts also recently issued reports on the stock wolfe research
STRYKER CORPORATION,Brokerages Set Stryker Co. (NYSE:SYK) Target Price at $405.80,"Shares of Stryker Co. (NYSE:SYK – Get Free Report) have received an average rating of “Moderate Buy” from the twenty ratings firms that are covering the company, MarketBeat.com reports. Three research analysts have rated the stock with a hold rating and seven…","Shares of Stryker Co. (NYSE:SYK – Get Free Report) have received an average rating of “Moderate Buy” from the twenty ratings firms that are covering the company, MarketBeat.com reports. Three researc… [+5380 chars]",2025-01-01 06:52:49+00:00,brokerages set stryker co nysesyk target price at 40580 shares of stryker co nysesyk  get free report have received an average rating of moderate buy from the twenty ratings firms that are covering the company marketbeatcom reports three research analysts have rated the stock with a hold rating and seven
STRYKER CORPORATION,Reviewing Inspire Medical Systems (NYSE:INSP) & Microbot Medical (NASDAQ:MBOT),"Inspire Medical Systems (NYSE:INSP – Get Free Report) and Microbot Medical (NASDAQ:MBOT – Get Free Report) are both medical companies, but which is the better stock? We will contrast the two companies based on the strength of their analyst recommendations, in…","Inspire Medical Systems (NYSE:INSP – Get Free Report) and Microbot Medical (NASDAQ:MBOT – Get Free Report) are both medical companies, but which is the better stock? We will contrast the two companie… [+5009 chars]",2024-12-31 07:06:52+00:00,reviewing inspire medical systems nyseinsp  microbot medical nasdaqmbot inspire medical systems nyseinsp  get free report and microbot medical nasdaqmbot  get free report are both medical companies but which is the better stock we will contrast the two companies based on the strength of their analyst recommendations in
STRYKER CORPORATION,Stryker Co. (NYSE:SYK) Raises Dividend to $0.84 Per Share,"Stryker Co. (NYSE:SYK – Get Free Report) declared a quarterly dividend on Tuesday, December 10th,RTT News reports. Investors of record on Tuesday, December 31st will be given a dividend of 0.84 per share by the medical technology company on Friday, January 31…","Stryker Co. (NYSE:SYK – Get Free Report) declared a quarterly dividend on Tuesday, December 10th,RTT News reports. Investors of record on Tuesday, December 31st will be given a dividend of 0.84 per s… [+4477 chars]",2024-12-29 13:14:51+00:00,stryker co nysesyk raises dividend to 084 per share stryker co nysesyk  get free report declared a quarterly dividend on tuesday december 10thrtt news reports investors of record on tuesday december 31st will be given a dividend of 084 per share by the medical technology company on friday january 31
STRYKER CORPORATION,Sharps Technology (NASDAQ:STSS) versus Stryker (NYSE:SYK) Critical Comparison,"Stryker (NYSE:SYK – Get Free Report) and Sharps Technology (NASDAQ:STSS – Get Free Report) are both medical companies, but which is the superior stock? We will compare the two companies based on the strength of their earnings, valuation, profitability, risk, …","Stryker (NYSE:SYK – Get Free Report) and Sharps Technology (NASDAQ:STSS – Get Free Report) are both medical companies, but which is the superior stock? We will compare the two companies based on the … [+5336 chars]",2024-12-27 07:24:49+00:00,sharps technology nasdaqstss versus stryker nysesyk critical comparison stryker nysesyk  get free report and sharps technology nasdaqstss  get free report are both medical companies but which is the superior stock we will compare the two companies based on the strength of their earnings valuation profitability risk 
STRYKER CORPORATION,Stryker (SYK) – Analysts’ Recent Ratings Changes,Stryker (NYSE: SYK) has recently received a number of price target changes and ratings updates: 12/12/2024 – Stryker had its price target raised by analysts at Needham & Company LLC from $409.00 to $442.00. They now have a “buy” rating on the stock. 12/11/202…,"Stryker (NYSE: SYK) has recently received a number of price target changes and ratings updates:
<ul><li>12/12/2024 – Stryker had its price target raised by analysts at Needham &amp; Company LLC from… [+7287 chars]",2024-12-18 07:02:53+00:00,stryker syk  analysts recent ratings changes stryker nyse syk has recently received a number of price target changes and ratings updates 12122024  stryker had its price target raised by analysts at needham  company llc from 40900 to 44200 they now have a buy rating on the stock 1211202
STRYKER CORPORATION,Twenty Companies Spreading Holiday Cheers To Shareholders,"As part of my review process, I  evaluate dividend increases  every week. This process helps me to see how my portfolio holdings are doing. ...","As part of my review process, I evaluate dividend increases every week. This process helps me to see how my portfolio holdings are doing. It also helps me to uncover and review new candidates for my … [+8398 chars]",2024-12-16 09:00:00+00:00,twenty companies spreading holiday cheers to shareholders as part of my review process i  evaluate dividend increases  every week this process helps me to see how my portfolio holdings are doing 
STRYKER CORPORATION,Stryker (NYSE:SYK) Price Target Raised to $442.00,"Stryker (NYSE:SYK – Get Free Report) had its price objective boosted by equities researchers at Needham & Company LLC from $409.00 to $442.00 in a research note issued on Thursday,Benzinga reports. The firm currently has a “buy” rating on the medical technolo…","Stryker (NYSE:SYK – Get Free Report) had its price objective boosted by equities researchers at Needham &amp; Company LLC from $409.00 to $442.00 in a research note issued on Thursday,Benzinga report… [+5600 chars]",2024-12-14 07:36:58+00:00,stryker nysesyk price target raised to 44200 stryker nysesyk  get free report had its price objective boosted by equities researchers at needham  company llc from 40900 to 44200 in a research note issued on thursdaybenzinga reports the firm currently has a buy rating on the medical technolo
STRYKER CORPORATION,Citigroup Forecasts Strong Price Appreciation for Stryker (NYSE:SYK) Stock,"Stryker (NYSE:SYK – Get Free Report) had its target price boosted by Citigroup from $411.00 to $450.00 in a research note issued on Wednesday,Benzinga reports. The brokerage currently has a “buy” rating on the medical technology company’s stock. Citigroup’s t…","Stryker (NYSE:SYK – Get Free Report) had its target price boosted by Citigroup from $411.00 to $450.00 in a research note issued on Wednesday,Benzinga reports. The brokerage currently has a “buy” rat… [+5747 chars]",2024-12-13 09:53:13+00:00,citigroup forecasts strong price appreciation for stryker nysesyk stock stryker nysesyk  get free report had its target price boosted by citigroup from 41100 to 45000 in a research note issued on wednesdaybenzinga reports the brokerage currently has a buy rating on the medical technology companys stock citigroups t
STRYKER CORPORATION,Stryker (NYSE:SYK) Earns Outperform Rating from Royal Bank of Canada,"Stryker (NYSE:SYK – Get Free Report)‘s stock had its “outperform” rating reaffirmed by equities researchers at Royal Bank of Canada in a report released on Wednesday,Benzinga reports. They presently have a $425.00 target price on the medical technology compan…","Stryker (NYSE:SYK – Get Free Report)‘s stock had its “outperform” rating reaffirmed by equities researchers at Royal Bank of Canada in a report released on Wednesday,Benzinga reports. They presently … [+5235 chars]",2024-12-13 08:56:50+00:00,stryker nysesyk earns outperform rating from royal bank of canada stryker nysesyk  get free reports stock had its outperform rating reaffirmed by equities researchers at royal bank of canada in a report released on wednesdaybenzinga reports they presently have a 42500 target price on the medical technology compan
STRYKER CORPORATION,"Needham names Stryker top pick for 2025 on new products, margin gains","Needham names Stryker top pick for 2025 on new products, margin gains","Investing.com -- Needham analyst named Stryker Corporation (NYSE:SYK) its top pick for 2025, highlighting growth potential from new products, margin improvements, and expected M&amp;A activity. Raise… [+766 chars]",2024-12-12 17:18:27+00:00,needham names stryker top pick for 2025 on new products margin gains needham names stryker top pick for 2025 on new products margin gains
STRYKER CORPORATION,Financial Analysis: Stryker (NYSE:SYK) vs. Neuronetics (NASDAQ:STIM),"Neuronetics (NASDAQ:STIM – Get Free Report) and Stryker (NYSE:SYK – Get Free Report) are both medical companies, but which is the better business? We will compare the two businesses based on the strength of their institutional ownership, profitability, valuat…","Neuronetics (NASDAQ:STIM – Get Free Report) and Stryker (NYSE:SYK – Get Free Report) are both medical companies, but which is the better business? We will compare the two businesses based on the stre… [+5735 chars]",2024-12-09 06:34:53+00:00,financial analysis stryker nysesyk vs neuronetics nasdaqstim neuronetics nasdaqstim  get free report and stryker nysesyk  get free report are both medical companies but which is the better business we will compare the two businesses based on the strength of their institutional ownership profitability valuat
STRYKER CORPORATION,Stryker Co. (NYSE:SYK) Receives $398.40 Consensus Target Price from Brokerages,"Shares of Stryker Co. (NYSE:SYK – Get Free Report) have been given an average rating of “Moderate Buy” by the twenty brokerages that are currently covering the company, Marketbeat.com reports. Three investment analysts have rated the stock with a hold rating …","Shares of Stryker Co. (NYSE:SYK – Get Free Report) have been given an average rating of “Moderate Buy” by the twenty brokerages that are currently covering the company, Marketbeat.com reports. Three … [+5298 chars]",2024-12-07 07:10:44+00:00,stryker co nysesyk receives 39840 consensus target price from brokerages shares of stryker co nysesyk  get free report have been given an average rating of moderate buy by the twenty brokerages that are currently covering the company marketbeatcom reports three investment analysts have rated the stock with a hold rating 
STRYKER CORPORATION,Stryker (NYSE:SYK) Upgraded to “Overweight” at Morgan Stanley,"Morgan Stanley upgraded shares of Stryker (NYSE:SYK – Free Report) from an equal weight rating to an overweight rating in a research note issued to investors on Monday morning, MarketBeat reports. They currently have $445.00 price objective on the medical tec…","Morgan Stanley upgraded shares of Stryker (NYSE:SYK – Free Report) from an equal weight rating to an overweight rating in a research note issued to investors on Monday morning, MarketBeat reports. Th… [+5680 chars]",2024-12-03 06:46:53+00:00,stryker nysesyk upgraded to overweight at morgan stanley morgan stanley upgraded shares of stryker nysesyk  free report from an equal weight rating to an overweight rating in a research note issued to investors on monday morning marketbeat reports they currently have 44500 price objective on the medical tec
STRYKER CORPORATION,Intech Investment Management LLC Reduces Holdings in Stryker Co. (NYSE:SYK),"Intech Investment Management LLC reduced its stake in Stryker Co. (NYSE:SYK – Free Report) by 17.9% during the third quarter, Holdings Channel.com reports. The firm owned 3,868 shares of the medical technology company’s stock after selling 841 shares during t…","Intech Investment Management LLC reduced its stake in Stryker Co. (NYSE:SYK – Free Report) by 17.9% during the third quarter, Holdings Channel.com reports. The firm owned 3,868 shares of the medical … [+5509 chars]",2024-11-27 09:12:56+00:00,intech investment management llc reduces holdings in stryker co nysesyk intech investment management llc reduced its stake in stryker co nysesyk  free report by 179 during the third quarter holdings channelcom reports the firm owned 3868 shares of the medical technology companys stock after selling 841 shares during t
STRYKER CORPORATION,Stryker (NYSE:SYK) Lowered to Hold Rating by StockNews.com,Stryker (NYSE:SYK – Get Free Report) was downgraded by investment analysts at StockNews.com from a “buy” rating to a “hold” rating in a note issued to investors on Friday. SYK has been the subject of a number of other research reports. Stifel Nicolaus reduced…,"Stryker (NYSE:SYK – Get Free Report) was downgraded by investment analysts at StockNews.com from a “buy” rating to a “hold” rating in a note issued to investors on Friday.
SYK has been the subject o… [+5025 chars]",2024-11-22 08:44:52+00:00,stryker nysesyk lowered to hold rating by stocknewscom stryker nysesyk  get free report was downgraded by investment analysts at stocknewscom from a buy rating to a hold rating in a note issued to investors on friday syk has been the subject of a number of other research reports stifel nicolaus reduced
STRYKER CORPORATION,Zacks Research Has Bullish Forecast for Stryker Q1 Earnings,"Stryker Co. (NYSE:SYK – Free Report) – Equities researchers at Zacks Research increased their Q1 2025 earnings estimates for shares of Stryker in a report issued on Monday, November 18th. Zacks Research analyst I. Bandyopadhyay now anticipates that the medica…","Stryker Co. (NYSE:SYK – Free Report) – Equities researchers at Zacks Research increased their Q1 2025 earnings estimates for shares of Stryker in a report issued on Monday, November 18th. Zacks Resea… [+6048 chars]",2024-11-22 07:48:42+00:00,zacks research has bullish forecast for stryker q1 earnings stryker co nysesyk  free report  equities researchers at zacks research increased their q1 2025 earnings estimates for shares of stryker in a report issued on monday november 18th zacks research analyst i bandyopadhyay now anticipates that the medica
STRYKER CORPORATION,Empowered Funds LLC Acquires 399 Shares of Stryker Co. (NYSE:SYK),"Empowered Funds LLC lifted its holdings in shares of Stryker Co. (NYSE:SYK – Free Report) by 6.5% during the 3rd quarter, according to the company in its most recent filing with the Securities and Exchange Commission (SEC). The institutional investor owned 6,…","Empowered Funds LLC lifted its holdings in shares of Stryker Co. (NYSE:SYK – Free Report) by 6.5% during the 3rd quarter, according to the company in its most recent filing with the Securities and Ex… [+5901 chars]",2024-11-20 09:23:00+00:00,empowered funds llc acquires 399 shares of stryker co nysesyk empowered funds llc lifted its holdings in shares of stryker co nysesyk  free report by 65 during the 3rd quarter according to the company in its most recent filing with the securities and exchange commission sec the institutional investor owned 6
STRYKER CORPORATION,Stryker (NYSE:SYK) Rating Increased to Buy at StockNews.com,Stryker (NYSE:SYK – Get Free Report) was upgraded by equities research analysts at StockNews.com from a “hold” rating to a “buy” rating in a research report issued on Thursday. SYK has been the subject of several other reports. Wolfe Research assumed coverage…,"Stryker (NYSE:SYK – Get Free Report) was upgraded by equities research analysts at StockNews.com from a “hold” rating to a “buy” rating in a research report issued on Thursday.
SYK has been the subj… [+5702 chars]",2024-11-16 06:50:44+00:00,stryker nysesyk rating increased to buy at stocknewscom stryker nysesyk  get free report was upgraded by equities research analysts at stocknewscom from a hold rating to a buy rating in a research report issued on thursday syk has been the subject of several other reports wolfe research assumed coverage
STRYKER CORPORATION,Stryker Co. (NYSE:SYK) Stock Position Lowered by Covestor Ltd,"Covestor Ltd trimmed its position in shares of Stryker Co. (NYSE:SYK – Free Report) by 14.2% during the 3rd quarter, according to the company in its most recent filing with the SEC. The institutional investor owned 266 shares of the medical technology company…","Covestor Ltd trimmed its position in shares of Stryker Co. (NYSE:SYK – Free Report) by 14.2% during the 3rd quarter, according to the company in its most recent filing with the SEC. The institutional… [+6215 chars]",2024-11-13 09:56:55+00:00,stryker co nysesyk stock position lowered by covestor ltd covestor ltd trimmed its position in shares of stryker co nysesyk  free report by 142 during the 3rd quarter according to the company in its most recent filing with the sec the institutional investor owned 266 shares of the medical technology company
STRYKER CORPORATION,Leavell Investment Management Inc. Boosts Stock Position in Stryker Co. (NYSE:SYK),"Leavell Investment Management Inc. lifted its position in shares of Stryker Co. (NYSE:SYK – Free Report) by 24.4% during the third quarter, according to the company in its most recent filing with the Securities and Exchange Commission. The institutional inves…","Leavell Investment Management Inc. lifted its position in shares of Stryker Co. (NYSE:SYK – Free Report) by 24.4% during the third quarter, according to the company in its most recent filing with the… [+6571 chars]",2024-11-11 10:38:32+00:00,leavell investment management inc boosts stock position in stryker co nysesyk leavell investment management inc lifted its position in shares of stryker co nysesyk  free report by 244 during the third quarter according to the company in its most recent filing with the securities and exchange commission the institutional inves
STRYKER CORPORATION,595 Shares in Stryker Co. (NYSE:SYK) Purchased by Portside Wealth Group LLC,"Portside Wealth Group LLC bought a new stake in Stryker Co. (NYSE:SYK – Free Report) during the third quarter, Holdings Channel.com reports. The fund bought 595 shares of the medical technology company’s stock, valued at approximately $215,000. Several other …","Portside Wealth Group LLC bought a new stake in Stryker Co. (NYSE:SYK – Free Report) during the third quarter, Holdings Channel.com reports. The fund bought 595 shares of the medical technology compa… [+6159 chars]",2024-11-10 10:36:49+00:00,595 shares in stryker co nysesyk purchased by portside wealth group llc portside wealth group llc bought a new stake in stryker co nysesyk  free report during the third quarter holdings channelcom reports the fund bought 595 shares of the medical technology companys stock valued at approximately 215000 several other 
STRYKER CORPORATION,"Insider Selling: Stryker Co. (NYSE:SYK) CEO Sells 57,313 Shares of Stock","Stryker Co. (NYSE:SYK – Get Free Report) CEO Kevin Lobo sold 57,313 shares of the company’s stock in a transaction on Thursday, November 7th. The stock was sold at an average price of $368.70, for a total transaction of $21,131,303.10. Following the sale, the…","Stryker Co. (NYSE:SYK – Get Free Report) CEO Kevin Lobo sold 57,313 shares of the company’s stock in a transaction on Thursday, November 7th. The stock was sold at an average price of $368.70, for a … [+4932 chars]",2024-11-10 09:08:30+00:00,insider selling stryker co nysesyk ceo sells 57313 shares of stock stryker co nysesyk  get free report ceo kevin lobo sold 57313 shares of the companys stock in a transaction on thursday november 7th the stock was sold at an average price of 36870 for a total transaction of 2113130310 following the sale the
STRYKER CORPORATION,Stryker (NYSE:SYK) Stock Rating Lowered by StockNews.com,StockNews.com cut shares of Stryker (NYSE:SYK – Free Report) from a buy rating to a hold rating in a report released on Wednesday. A number of other equities research analysts also recently commented on SYK. Wolfe Research started coverage on shares of Stryke…,"StockNews.com cut shares of Stryker (NYSE:SYK – Free Report) from a buy rating to a hold rating in a report released on Wednesday.
A number of other equities research analysts also recently commente… [+6239 chars]",2024-11-10 07:56:50+00:00,stryker nysesyk stock rating lowered by stocknewscom stocknewscom cut shares of stryker nysesyk  free report from a buy rating to a hold rating in a report released on wednesday a number of other equities research analysts also recently commented on syk wolfe research started coverage on shares of stryke
STRYKER CORPORATION,Stryker's SWOT analysis: medical device giant's stock shows robust growth,Stryker's SWOT analysis: medical device giant's stock shows robust growth,"Stryker Corporation (NYSE:SYK), a leading player in the U.S. medical supplies and devices sector, has demonstrated impressive financial performance and strategic positioning in recent quarters. This … [+9293 chars]",2024-11-05 08:32:24+00:00,strykers swot analysis medical device giants stock shows robust growth strykers swot analysis medical device giants stock shows robust growth
